{"Pro_Key":"pbbdx4aj0fqmhiyh","Dp_Data":[{"attr":640,"canTrigger":true,"code":"temp_current","defaultRecommend":true,"defaultValue":"","desc":"","editPermission":false,"executable":true,"extContent":"{\"trigger\":\"direct\"}","iconname":"icon-dp_c","id":1,"mode":"ro","name":"当前温度","property":{"unit":"℃","min":-200,"max":600,"scale":1,"step":1,"type":"value"},"trigger":"direct","type":"obj"},{"attr":640,"canTrigger":true,"code":"humidity_value","defaultRecommend":true,"defaultValue":"","desc":"","editPermission":false,"executable":true,"extContent":"{\"trigger\":\"direct\"}","iconname":"icon-shidu","id":2,"mode":"ro","name":"当前湿度","property":{"unit":"%","min":0,"max":100,"scale":0,"step":1,"type":"value"},"trigger":"direct","type":"obj"},{"attr":128,"canTrigger":true,"code":"temp_periodic_report","defaultRecommend":false,"defaultValue":"","desc":"","editPermission":false,"executable":true,"extContent":"","iconname":"icon-dp_time3","id":17,"mode":"rw","name":"温度周期上报","property":{"unit":"min","min":1,"max":60,"scale":0,"step":1,"type":"value"},"type":"obj"},{"attr":128,"canTrigger":true,"code":"hum_periodic_report","defaultRecommend":false,"defaultValue":"","desc":"","editPermission":false,"executable":true,"extContent":"","iconname":"icon-dp_time3","id":18,"mode":"rw","name":"湿度周期上报","property":{"unit":"min","min":1,"max":60,"scale":0,"step":1,"type":"value"},"type":"obj"},{"attr":128,"canTrigger":true,"code":"switch","defaultRecommend":false,"defaultValue":"","desc":"","editPermission":false,"executable":true,"extContent":"","iconname":"icon-dp_power2","id":21,"mode":"rw","name":"开关","property":{"type":"bool"},"type":"obj"}]}